Phrasenum,Word,Minimal Pair,Carrier,Has Image,Needs New Image,Can't Image,Verified w/ Native?,IPA,Gloss,Gloss 2,Syllable,Segment,Type,Position,Position 2,Contrast (IPA),Contrast,Experiment,Frequency (ARALEX2.0),Frequency (ARALEX),New Carrier,Context Phrase,Source,Notes
1,حُبوب,هُبوب,قال حُبوب واحد و خمسين مرة,X,,,X,ħʊbuːb,seeds,,CVCVC,ħ,pharyngeal,Initial,CV,h - ħ,laryngeal-pharyngeal,Pilot (157),,,يقول « حُبوب » واحد و خَمسين مَرة,,ChatGPT,
2,أمل,عَمَل,قال أَمل واحد و خمسين مرة,X,,,X,ʔamal,hope,,CVCVC,ʔ,pharyngeal,Initial,CV,ʔ - ʕ,laryngeal-pharyngeal,Pilot (157),,,يقول « أَمل » واحد و خَمسين مَرة,,Personal Knowledge,
3,هالة,حالة,قال هالة واحد و خمسين مرة,X,,,X,haːla,name (halo),,CVːCV,h,laryngeal,Initial,CV,h - ħ,laryngeal-pharyngeal,Pilot (157),,,يقول « هالة » واحد و خَمسين مَرة,اِشترى لنا هال بالسوق,ChatGPT,
4,عَدّ,حَدّ,قال عَدّ واحد و خمسين مرة,X,,,X,ʕadː,counting,,CVCː,ʕ,pharyngeal,Initial,CV,ʕ - ħ,pharyngeal-pharyngeal,Pilot (157),,,يقول « عَدّ » واحد و خَمسين مَرة,,Lisaaniyat,
5,تين,طين,قال تين واحد و خمسين مرة,X,,,X,tin,fig,,CVC,t,plain,Initial,CV,t - tˤ,plain-pharyngealized,Pilot (157),,,يقول « تين » واحد و خَمسين مَرة,,https://linguistics.berkeley.edu/acip/appendix/languages/arabic/arabic.html,
6,سيف,صيف,قال سيف واحد و خمسين مرة,X,,,X,sa͡ɪf,sword,,CVC,s,plain,Initial,CV,s - sˤ,plain-pharyngealized,Pilot (157),,,يقول « سيف » واحد و خَمسين مَرة,,Personal Knowledge,
7,نَسَبَ,نَصَبَ,قال نَسَبَ واحد و خمسين مرة,,,X,X,nasaba,attribute,,CVCVCV,s,plain,Medial,VCV,s - sˤ,plain-pharyngealized,Pilot (157),,,يقول « نَسَبَ » واحد و خَمسين مَرة,,,
8,هُبوب,حُبوب,قال هُبوب واحد و خمسين مرة,X,,,X,hʊbuːb,blowing,dust storm,CVCVC,h,laryngeal,Initial,CV,redundant,laryngeal-pharyngeal,Pilot (157),,,يقول « هُبوب » واحد و خَمسين مَرة,,ChatGPT,
9,عَمَل,أمل,قال عَمَل واحد و خمسين مرة,X,,,X,ʕamal,he worked,,CVCVC,ʕ,laryngeal,Initial,CV,redundant,laryngeal-pharyngeal,Pilot (157),,,يقول « عَمَل » واحد و خَمسين مَرة,,Personal Knowledge,
10,حالة,هالة,قال حالة واحد و خمسين مرة,X,,,X,ħaːla,condition,,CVːCV,ħ,pharyngeal,Initial,CV,redundant,laryngeal-pharyngeal,Pilot (157),,,يقول « حالة » واحد و خَمسين مَرة,,ChatGPT,
11,حَدّ,عَدّ,قال حَدّ واحد و خمسين مرة,,,,X,ħadː,boundary,to sharpen,CVCː,ħ,pharyngeal,Initial,CV,redundant,pharyngeal-pharyngeal,Pilot (157),,,يقول « حَدّ » واحد و خَمسين مَرة,,Lisaaniyat,
12,طين,تين,قال طين واحد و خمسين مرة,X,,,X,tˤin,clay,,CVC,tˤ,pharyngealized,Initial,CV,redundant,plain-pharyngealized,Pilot (157),,,يقول « طين » واحد و خَمسين مَرة,,https://linguistics.berkeley.edu/acip/appendix/languages/arabic/arabic.html,
13,صَيف,سيف,قال صَيف واحد و خمسين مرة,X,,,X,sˤa͡ɪf,summer,,CVC,sˤ,pharyngealized,Initial,CV,redundant,plain-pharyngealized,Pilot (157),,,يقول « صَيف » واحد و خَمسين مَرة,,Personal Knowledge,
14,نَصَبَ,نَسَبَ,قال نَصَبَ واحد و خمسين مرة,X,,,X,nasˤaba,"erected, cheat someone",,CVCVCV,sˤ,pharyngealized,Medial,VCV,redundant,plain-pharyngealized,Pilot (157),,,يقول « نَصَبَ » واحد و خَمسين مَرة,,,
15,تِفل,طِفل,قال تِفل واحد و خمسين مرة,,,,X,tifl,coffee grounds,,CVCC,t,plain,Initial,CV,t - tˤ,plain-pharyngealized,Pilot (157),,,يقول « تِفل » واحد و خَمسين مَرة,,Khattab et al. 2006,
16,طِفل,تِفل,قال طِفل واحد و خمسين مرة,,,,X,tˤifl,child,,CVCC,tˤ,pharyngealized,Initial,CV,redundant,plain-pharyngealized,Pilot (157),,,يقول « طِفل » واحد و خَمسين مَرة,,Khattab et al. 2006,
17,هان,حان,قال هان واحد و خمسين مرة,,,X,X,haːn,value of person deteriorated,,CVːC,h,laryngeal,Initial,CV,h - ħ,laryngeal-pharyngeal,Pilot (157),,,يقول « هان » واحد و خَمسين مَرة,,Twitter,
18,حان,هان,قال حان واحد و خمسين مرة,,,X,X,ħaːn,the moment arrived,,CVːC,ħ,pharyngeal,Initial,CV,redundant,laryngeal-pharyngeal,Pilot (157),,,يقول « حان » واحد و خَمسين مَرة,,Twitter,
19,أنْ,عن,قال أنْ واحد و خمسين مرة,,,X,X,ʔan,that,,CVC,ʔ,laryngeal,Initial,CV,ʔ - ʕ,laryngeal-pharyngeal,Pilot (157),,,يقول « أنْ » واحد و خَمسين مَرة,,Twitter,
20,عن,أنْ,قال عن واحد و خمسين مرة,,,X,X,ʕan,about,,CVC,ʕ,pharyngeal,Initial,CV,redundant,laryngeal-pharyngeal,Pilot (157),,,يقول « عن » واحد و خَمسين مَرة,,,
21,حَن,أنْ,قال حَن واحد و خمسين مرة,X,,X,X,ħan,"long, yearn",,CVC,ħ,pharyngeal,Initial,CV,redundant,laryngeal-pharyngeal,Pilot (157),,,يقول « حَن » واحد و خَمسين مَرة,,,
22,عِجّة,حِجّة,قال عِجّة واحد و خمسين مرة,X,,,X,ʕɪdʒːa,omelette,,CVCːV,ʕ,pharyngeal,Medial,VCV,ʕ - ħ,pharyngeal-pharyngeal,Pilot (157),,,يقول « عِجّة » واحد و خَمسين مَرة,,Lisaaniyat,
23,حِجّة,عِجّة,قال حِجّة واحد و خمسين مرة,,,,X,ħɪdʒːa,pilgrimage,argument,CVCːV,ħ,pharyngeal,Medial,VCV,redundant,pharyngeal-pharyngeal,Pilot (157),,,يقول « حِجّة » واحد و خَمسين مَرة,,Lisaaniyat,
24,حِلَل,حِلَل,قال حِلَل واحد و خمسين مرة,X,,,X,ħɪlal,pots and pans,analyze,CVCVC,ħ,pharyngeal,Initial,CV,ʕ - ħ,pharyngeal-pharyngeal,Pilot (157),,,يقول « حِلَل » واحد و خَمسين مَرة,,Lisaaniyat,
25,عِلَل,عِلَل,قال عِلَل واحد و خمسين مرة,,,X,X,ʕɪlal,internal sickness,"explain, justify",CVCVC,ʕ,pharyngeal,Initial,CV,redundant,pharyngeal-pharyngeal,Pilot (157),,,يقول « عِلَل » واحد و خَمسين مَرة,,Lisaaniyat,
26,عاش,حاش,قال عاش واحد و خمسين مرة,x,,,X,ʕaːʃ,live in,,CVːC,ʕ,pharyngeal,Initial,CV,ʕ - ħ,pharyngeal-pharyngeal,Pilot (157),,,يقول « عاش » واحد و خَمسين مَرة,,Lisaaniyat,
27,حاش,عاش,قال حاش واحد و خمسين مرة,,,X,X,ħaːʃ,distancing (god forbid),"to harvest, weed out",CVːC,ħ,pharyngeal,Initial,CV,redundant,pharyngeal-pharyngeal,Pilot (157),,,يقول « حاش » واحد و خَمسين مَرة,,Lisaaniyat,
28,ساعة,ساحة,قال ساعة واحد و خمسين مرة,X,,,X,saːʕa,hour,,CVːCV,ʕ,pharyngeal,Medial,VCV,ʕ - ħ,pharyngeal-pharyngeal,Pilot (157),,,يقول « ساعة » واحد و خَمسين مَرة,,Lisaaniyat,
29,ساحة,ساعة,قال ساحة واحد و خمسين مرة,X,,,X,saːħa,plaza,,CVːCV,ħ,pharyngeal,Medial,VCV,redundant,pharyngeal-pharyngeal,Pilot (157),,,يقول « ساحة » واحد و خَمسين مَرة,,Lisaaniyat,
30,زَحَف,زَعَف,قال زَحَف واحد و خمسين مرة,x,,,X,zaħaf,"it crawled, creeped",,CVCVC,ħ,pharyngeal,Medial,VCV,ʕ - ħ,pharyngeal-pharyngeal,Pilot (157),,,يقول « زَحَف » واحد و خَمسين مَرة,,Lisaaniyat,
31,زَعَف,زَحَف,قال زَعَف واحد و خمسين مرة,X,,,X,zaʕaf,the leaves of the palm tree,,CVCVC,ʕ,pharyngeal,Medial,VCV,redundant,pharyngeal-pharyngeal,Pilot (157),,,يقول « زَعَف » واحد و خَمسين مَرة,,Lisaaniyat,
32,صين,سين,قال صين واحد و خمسين مرة,X,,,X,sˤin,China,,CVC,sˤ,pharyngeal,Initial,CV,s - sˤ,plain-pharyngealized,Pilot (157),,,يقول « صين » واحد و خَمسين مَرة,,Hermes et al. 2015,
33,سين,صين,قال سين واحد و خمسين مرة,X,,,X,sin,Letter name for /s/ in Arabic,,CVC,s,plain,Initial,CV,redundant,plain-pharyngealized,Pilot (157),,,يقول « سين » واحد و خَمسين مَرة,,Hermes et al. 2016,
34,نَسَّفَ,نَصَّف,قال نَسَّفَ واحد و خمسين مرة,X,,,X,nasːaf,he detonated a bomb,to obliterate,CVCːVC,s,plain,Medial,VCV,s - sˤ,plain-pharyngealized,Pilot (157),,,يقول « نَسَّف » واحد و خَمسين مَرة,,Hermes et al. 2017,
35,نَصَّفَ,نَسَّف,قال نَصَّفَ واحد و خمسين مرة,X,,,X,nasˤːaf,it was divided in half,,CVCːVC,sˤ,pharyngeal,Medial,VCV,redundant,plain-pharyngealized,Pilot (157),,,يقول « نَصَّف » واحد و خَمسين مَرة,,Hermes et al. 2018,
36,ألم,عَلم,قال أَلم واحد و خمسين مرة,X,,,X,ʔalam,pain,,CVCVC,ʔ,laryngeal,Initial,CV,ʔ - ʕ,laryngeal-pharyngeal,Pilot (157),,,يقول « أَلم » واحد و خَمسين مَرة,,Tubuly: Routledge Handbook of Arabic Second Language Acquisition,
37,عَلم,ألم,قال عَلم واحد و خمسين مرة,X,,,X,ʕalam,flag,,CVCVC,ʕ,pharyngeal,Initial,CV,redundant,laryngeal-pharyngeal,Pilot (157),,,يقول « عَلم » واحد و خَمسين مَرة,,Tubuly: Routledge Handbook of Arabic Second Language Acquisition,
38,تاء,تاه,قال تاء واحد و خمسين مرة,X,,,X,taːʔ,the letter /t/ in Arabic,,CVːC,ʔ,laryngeal,Final,VC,ʔ - h,laryngeal-laryngeal,Pilot (157),,,يقول « تاء » واحد و خَمسين مَرة,,Zainab,
39,تاه,تاء,قال تاه واحد و خمسين مرة,X,,,X,taːh,he got lost,,CVːC,h,laryngeal,Final,VC,redundant,laryngeal-laryngeal,Pilot (157),,,يقول « تاه » واحد و خَمسين مَرة,,Zainab,
40,شاء,شاه,قال شاء واحد و خمسين مرة,,,X,X,ʃaːʔ,to will something,,CVːC,ʔ,laryngeal,Final,VC,ʔ - h,laryngeal-laryngeal,Pilot (157),,,يقول « شاء » واحد و خَمسين مَرة,,Zainab,
41,شاه,شاء,قال شاه واحد و خمسين مرة,,,X,X,ʃaːh,shah,,CVːC,h,laryngeal,Final,VC,redundant,laryngeal-laryngeal,Pilot (157),,,يقول « شاه » واحد و خَمسين مَرة,,Zainab,
42,مُسائلة,مُساهَلة,قال مُسائلة واحد و خمسين مرة,X,,,X,musaːʔala,"interrogation, questioning",,CVCVːCVCV,ʔ,laryngeal,Medial,VCV,ʔ - h,laryngeal-laryngeal,Pilot (157),,,يقول « مُسائلة » واحد و خَمسين مَرة,,Zainab,
43,مُساهَلة,مُسائلة,قال مُساهَلة واحد و خمسين مرة,,,X,X,musaːhala,easying up,,CVCVːCVCV,h,laryngeal,Medial,VCV,redundant,laryngeal-laryngeal,Pilot (157),,,يقول « مُساهَلة » واحد و خَمسين مَرة,,Zainab,
44,أَمْس,هَمْس,قال أَمْس واحد و خمسين مرة,X,,,X,ʔams,yesterday,,CVCC,ʔ,laryngeal,Initial,CV,ʔ - h,laryngeal-laryngeal,Pilot (157),,,يقول « أَمْس » واحد و خَمسين مَرة,,Zainab,
45,هَمْس,أَمْس,قال هَمْس واحد و خمسين مرة,X,,,X,hams,whisper,,CVCC,h,laryngeal,Initial,CV,redundant,laryngeal-laryngeal,Pilot (157),,,يقول « هَمْس » واحد و خَمسين مَرة,,Zainab,
46,مَأموم,مَهموم,قال مَأموم واحد و خمسين مرة,,,X,X,maʔmuːm,the one being lead,,CVCCVːC,ʔ,laryngeal,Medial,VCV,ʔ - h,laryngeal-laryngeal,Pilot (157),,,يقول « مَأموم » واحد و خَمسين مَرة,,Zainab,
47,مَهموم,مَأموم,قال مَهموم واحد و خمسين مرة,X,,,X,mahmuːm,"concerned, worried",,CVCCVːC,h,laryngeal,Medial,VCV,redundant,laryngeal-laryngeal,Pilot (157),,,يقول « مَهموم » واحد و خَمسين مَرة,,Zainab,
48,يَلقَ,حَلقة,قال يَلقَ واحد و خمسين مرة,X,,,X,jalqa,he found,,CVCCV,j,sonorant,Initial,CV,j - ħ,sonorant-pharyngeal,Pilot (157),,,يقول « يَلقَ » واحد و خَمسين مَرة,,Zainab,
49,حَلقة,يَلقَ,قال حَلقة واحد و خمسين مرة,X,,,X,ħalqa,link,,CVCCV,ħ,pharyngeal,Initial,CV,redundant,sonorant-pharyngeal,Pilot (157),,,يقول « حَلقة » واحد و خَمسين مَرة,,Zainab,
50,رَبِحَ,رَبِيَ,قال رَبِحَ واحد و خمسين مرة,X,,,X,ɾabɪħa,he won,,CVCVCV,ħ,pharyngeal,Final,VC,j - ħ,sonorant-pharyngeal,Pilot (157),,,يقول « رَبِحَ » واحد و خَمسين مَرة,,Zainab,
51,رَبِيَ,رَبِحَ,قال رَبِيَ واحد و خمسين مرة,X,,,X,ɾabɪja,he grew up,,CVCVCV,j,sonorant,Final,VC,redundant,sonorant-pharyngeal,Pilot (157),,,يقول « رَبِيَ » واحد و خَمسين مَرة,,Zainab,
52,وباء,هباء,قال وباء واحد و خمسين مرة,,X,,X,wabaːʔ,pandemic,plague,CVCVːC,w,sonorant,Initial,CV,w - h,sonorant-laryngeal,Pilot (157),,,يقول « وباء » واحد و خَمسين مَرة,,Zainab,
53,هباء,وباء,قال هباء واحد و خمسين مرة,,,X,X,habaːʔ,in vain,dust in the wind,CVCVːC,h,laryngeal,Initial,CV,redundant,sonorant-laryngeal,Pilot (157),,,يقول « هباء » واحد و خَمسين مَرة,,Zainab,
54,وَرَم,هَرَم,قال وَرَم واحد و خمسين مرة,X,,,X,waɾam,tumor,to swell,CVCVC,w,sonorant,Initial,CV,w - h,sonorant-laryngeal,Pilot (157),,,يقول « وَرَم » واحد و خَمسين مَرة,,Zainab,
55,هَرَم,وَرَم,قال هَرَم واحد و خمسين مرة,X,,,X,haɾam,pyramid,,CVCVC,h,laryngeal,Initial,CV,redundant,sonorant-laryngeal,Pilot (157),,,يقول « هَرَم » واحد و خَمسين مَرة,,Zainab,
56,شاوِر,شاهِر,قال شاوِر واحد و خمسين مرة,,,X,X,ʃaːwɪɾ,consult,,CVːCVC,w,sonorant,Medial,VCV,w - h,sonorant-laryngeal,Pilot (157),,,يقول « شاوِر » واحد و خَمسين مَرة,,Zainab,
57,شاهِر,شاوِر,قال شاهِر واحد و خمسين مرة,X,,,X,ʃaːhɪɾ,brandish (sword),"make famous, make public",CVːCVC,h,laryngeal,Medial,VCV,redundant,sonorant-laryngeal,Pilot (157),,,يقول « شاهِر » واحد و خَمسين مَرة,,Zainab,
58,يَوم,عَوم,قال يَوم واحد و خمسين مرة,X,,,X,ja͡ʊm,day,,CVC,j,sonorant,Initial,CV,j - ʕ,sonorant-pharyngeal,Pilot (157),,,يقول « يَوم » واحد و خَمسين مَرة,,Zainab,
59,عَوم,يَوم,قال عَوم واحد و خمسين مرة,X,,,X,ʕa͡ʊm,swimming,,CVC,ʕ,pharyngeal,Initial,CV,redundant,sonorant-pharyngeal,Pilot (157),,,يقول « عَوم » واحد و خَمسين مَرة,,Zainab,
60,عَم,يَم,قال عَم واحد و خمسين مرة,X,,,X,ʕam,generalized,,CVC,ʕ,pharyngeal,Initial,CV,j - ʕ,sonorant-pharyngeal,Pilot (157),,,يقول « عَم » واحد و خَمسين مَرة,,Zainab,
61,يَم,عَم,قال يَم واحد و خمسين مرة,X,,,X,yam,see(?),,CVC,j,sonorant,Initial,CV,redundant,sonorant-pharyngeal,Pilot (157),,,يقول « يَم » واحد و خَمسين مَرة,,Zainab,
62,نَعى,نَوى,قال نَعى واحد و خمسين مرة,X,,,X,naʕa,eulogize,,CVCV,ʕ,pharyngeal,Medial,VCV,w - ʕ,sonorant-pharyngeal,Pilot (157),,,يقول « نَعى » واحد و خَمسين مَرة,,Zainab,
63,نَوى,نَعى,قال نَوى واحد و خمسين مرة,,,X,X,nawa,intend,,CVCV,w,sonorant,Medial,VCV,redundant,sonorant-pharyngeal,Pilot (157),,,يقول « نَوى » واحد و خَمسين مَرة,,Zainab,
64,وليمة,أليمة,قال وَليمة واحد و خمسين مرة,X,,,X,waliːma,feast,,CVCVːCV,w,sonorant,Initial,CV,w - ʔ,sonorant-laryngeal,Pilot (157),,,يقول « وَليمة » واحد و خَمسين مَرة,,Zainab,
65,أليمة,وليمة,قال أَليمة واحد و خمسين مرة,X,,,X,ʔaliːma,painful (causing me pain),,CVCVːCV,ʔ,laryngeal,Initial,CV,redundant,sonorant-laryngeal,Pilot (157),,,يقول « أَليمة » واحد و خَمسين مَرة,,Zainab,
66,وَقود,أقود,قال وَقود واحد و خمسين مرة,X,,,X,waquːd ,fuel,,CVCVːC,w,sonorant,Initial,CV,w - ʔ,sonorant-laryngeal,Pilot (157),,,يقول « وَقود » واحد و خَمسين مَرة,,Zainab,
67,أقود,وَقود,قال أَقود واحد و خمسين مرة,X,,,X,ʔaquːd,drive,,CVCVːC,ʔ,laryngeal,Initial,CV,redundant,sonorant-laryngeal,Pilot (157),,,يقول « أَقود » واحد و خَمسين مَرة,,Zainab,
68,بَيد,بَعد,قال بَيد واحد و خمسين مرة,,,X,X,ba͡ɪd,although,,CVC,d,plain,Final,VC,d - dˤ,plain-pharyngealized,Pilot (157),,,يقول « بَيد » واحد و خَمسين مَرة,,Zainab,
69,بَيض,بَيد,قال بَيض واحد و خمسين مرة,X,,,X,ba͡ɪdˤ,egg,,CVC,dˤ,pharyngealized,Final,VC,redundant,plain-pharyngealized,Pilot (157),,,يقول « بَيض » واحد و خَمسين مَرة,,Zainab,
70,أليف,حَليف,قال أليف واحد و خمسين مرة,X,,,X,ʔaliːf,domestic,pet animal,CVCVːC,ʔ,laryngeal,Initial,CV,ʔ - ħ,laryngeal-pharyngeal,Pilot (157),,,يقول « أليف » واحد و خَمسين مَرة,,Zainab,
71,حَليف,أليف,قال حَليف واحد و خمسين مرة,,,,X,ħaliːf,ally,,CVCVːC,ħ,pharyngeal,Initial,CV,redundant,laryngeal-pharyngeal,Pilot (157),,,يقول « حَليف » واحد و خَمسين مَرة,,Zainab,
72,سماء,سماح,قال سَماء واحد و خمسين مرة,,,,X,samaːʔ,sky,,CVCVːC,ʔ,laryngeal,Final,VC,ʔ - ħ,laryngeal-pharyngeal,Pilot (157),,,يقول « سَماء » واحد و خَمسين مَرة,,Zainab,
73,سماح,سماء,قال سَماح واحد و خمسين مرة,,,,X,samaːħ,permission,,CVCVːC,ħ,pharyngeal,Final,VC,redundant,laryngeal-pharyngeal,Pilot (157),,,يقول « سَماح » واحد و خَمسين مَرة,,Zainab,
74,ساء,ساح,قال ساء واحد و خمسين مرة,,,,X,saːʔ,deteriorate,,CVːC,ʔ,laryngeal,Final,VC,ʔ - ħ,laryngeal-pharyngeal,Pilot (157),,,يقول « ساء » واحد و خَمسين مَرة,,Zainab,
75,ساح,ساء,قال ساح واحد و خمسين مرة,,,,X,saːħ,it melted,become a tourist,CVːC,ħ,pharyngeal,Final,VC,redundant,laryngeal-pharyngeal,Pilot (157),,,يقول « ساح » واحد و خَمسين مَرة,,Zainab,
76,يتألّم,يتحَلَّم,قال يتألّم واحد و خمسين مرة,,,,X,jataʔalːam,he was in pain,,CVCVCVCːVC,ʔ,laryngeal,Medial,VCV,ʔ - ħ,laryngeal-pharyngeal,Pilot (157),,,يقول « يتألّم » واحد و خَمسين مَرة,,Zainab,
77,يتحَلَّم,يتألّم,قال يتحَلَّم واحد و خمسين مرة,,,,X,jataħalːam,he became patient,to day dream,CVCVCVCːVC,ħ,pharyngeal,Medial,VCV,redundant,laryngeal-pharyngeal,Pilot (157),,,يقول « يتحَلَّم » واحد و خَمسين مَرة,,Zainab,
78,بَراء,بَراح,قال بَراء واحد و خمسين مرة,,,,X,baraːʔ,innocence,,CVCVːC,ʔ,laryngeal,Final,VC,ʔ - ħ,laryngeal-pharyngeal,Pilot (157),,,يقول « بَراء » واحد و خَمسين مَرة,,Zainab,
79,بَراح,بَراء,قال بَراح واحد و خمسين مرة,,,,X,baraːħ,spacious,,CVCVːC,ħ,pharyngeal,Final,VC,redundant,laryngeal-pharyngeal,Pilot (157),,,يقول « بَراح » واحد و خَمسين مَرة,,Zainab,
80,مَليئة,مَليحة,قال مَليئة واحد و خمسين مرة,,,,X,maliːʔa,full,,CVCVːCV,ʔ,laryngeal,Medial,VCV,ʔ - ħ,laryngeal-pharyngeal,Pilot (157),,,يقول « مَليئة » واحد و خَمسين مَرة,,Zainab,
81,مَليحة,مَليئة,قال مَليحة واحد و خمسين مرة,,,,X,maliːħa,beautiful,salty,CVCVːCV,ħ,pharyngeal,Medial,VCV,redundant,laryngeal-pharyngeal,Pilot (157),,,يقول « مَليحة » واحد و خَمسين مَرة,,Zainab,
82,سبأ,سَبَح,قال سبأ واحد و خمسين مرة,,,,X,sabaʔ,region in Yemen,,CVCVC,ʔ,laryngeal,Final,VC,ʔ - ħ,laryngeal-pharyngeal,Pilot (157),,,يقول « سبأ » واحد و خَمسين مَرة,,Zainab,
83,سَبَحَ,سبأ,قال سَبَحَ واحد و خمسين مرة,,,,X,sabaħ,he swam,,CVCVC,ħ,pharyngeal,Final,VC,redundant,laryngeal-pharyngeal,Pilot (157),,,يقول « سَبَح » واحد و خَمسين مَرة,,Zainab,
84,مُكافأة,مُكافَحة,قال مُكافأة واحد و خمسين مرة,,,,X,mʊkæːfaʔa,award,reward,CVCVːCVCV,ʔ,laryngeal,Medial,VCV,ʔ - ħ,laryngeal-pharyngeal,Pilot (157),,,يقول « مُكافأة » واحد و خَمسين مَرة,,Zainab,
85,مُكافَحة,مُكافأة,قال مُكافَحة واحد و خمسين مرة,,,,X,mʊkæːfaħa,fighting against,struggle,CVCVːCVCV,ħ,pharyngeal,Medial,VCV,redundant,laryngeal-pharyngeal,Pilot (157),,,يقول « مُكافَحة » واحد و خَمسين مَرة,,Zainab,
86,مَأمور,مَحمور,قال مَأمور واحد و خمسين مرة,,,,X,maʔmuːr,an official,,CVCCVːC,ʔ,laryngeal,Medial,VCV,ʔ - ħ,laryngeal-pharyngeal,Pilot (157),,,يقول « مَأمور » واحد و خَمسين مَرة,,Zainab,
87,مَحمور,مَأمور,قال مَحمور واحد و خمسين مرة,,,,X,maħmuːr,reddish,,CVCCVːC,ħ,pharyngeal,Medial,VCV,redundant,laryngeal-pharyngeal,Pilot (157),,,يقول « مَحمور » واحد و خَمسين مَرة,,Zainab,
88,أليم,عَليم,قال أَليم واحد و خمسين مرة,,,,X,ʔaliːm,painful,,CVCVːC,ʔ,laryngeal,Initial,CV,ʔ - ʕ,laryngeal-pharyngeal,Pilot (157),,,يقول « أَليم » واحد و خَمسين مَرة,,Zainab,
89,عَليم,أليم,قال عَليم واحد و خمسين مرة,,,,X,ʕaliːm,knowledgeable,,CVCVːC,ʕ,pharyngeal,Initial,CV,redundant,laryngeal-pharyngeal,Pilot (157),,,يقول « عَليم » واحد و خَمسين مَرة,,Zainab,
90,مُفاجَئة,مُفاجَعة,قال مُفاجَئة واحد و خمسين مرة,,,,X,mʊfæːdʒaʔa,surprise,,CVCVːCVCV,ʔ,laryngeal,Medial,VCV,ʔ - ʕ,laryngeal-pharyngeal,Pilot (157),,,يقول « مُفاجَئة » واحد و خَمسين مَرة,,Zainab,
91,مُفاجَعة,مُفاجَئة,قال مُفاجَعة واحد و خمسين مرة,,,,X,mʊfæːdʒæʕa,calamitous,,CVCVːCVCV,ʕ,pharyngeal,Medial,VCV,redundant,laryngeal-pharyngeal,Pilot (157),,,يقول « مُفاجَعة » واحد و خَمسين مَرة,,Zainab,
92,تَأثّر,تَعَثّر,قال تَأثّر واحد و خمسين مرة,X,,,X,taʔaθːɪr,he was affected,,CVCVCːVC,ʔ,laryngeal,Medial,VCV,ʔ - ʕ,laryngeal-pharyngeal,Pilot (157),,,يقول « تَأثّر » واحد و خَمسين مَرة,,Zainab,
93,تَعَثّر,تَأثّر,قال تَعَثّر واحد و خمسين مرة,X,,,X,taʕaθːɪr,he stumbled,,CVCVCːVC,ʕ,pharyngeal,Medial,VCV,redundant,laryngeal-pharyngeal,Pilot (157),,,يقول « تَعَثّر » واحد و خَمسين مَرة,,Zainab,
94,تألّم,تَعَلّم,قال تألّم واحد و خمسين مرة,X,,,X,taʔalːam,he was in pain,,CVCVCːVC,ʔ,laryngeal,Medial,VCV,ʔ - ʕ,laryngeal-pharyngeal,Pilot (157),,,يقول « تألّم » واحد و خَمسين مَرة,,Zainab,
95,تَعَلّم,تألّم,قال تَعَلّم واحد و خمسين مرة,X,,,X,taʕalːam,he learned,,CVCVCːVC,ʕ,pharyngeal,Medial,VCV,redundant,laryngeal-pharyngeal,Pilot (157),,,يقول « تَعَلّم » واحد و خَمسين مَرة,,Zainab,
96,شاء,شاع,قال شاء واحد و خمسين مرة,,,X,X,ʃæːʔ,he willed,,CVːC,ʔ,laryngeal,Final,VC,ʔ - ʕ,laryngeal-pharyngeal,Pilot (157),,,يقول « شاء » واحد و خَمسين مَرة,,Zainab,
97,شاع,شاء,قال شاع واحد و خمسين مرة,,X,,X,ʃæːʕ,Shah (ruler),,CVːC,ʕ,pharyngeal,Final,VC,redundant,laryngeal-pharyngeal,Pilot (157),,,يقول « شاع » واحد و خَمسين مَرة,,Zainab,
98,جاء,جاع,قال جاء واحد و خمسين مرة,X,X,,X,dʒæːʔ,he came,,CVːC,ʔ,laryngeal,Final,VC,ʔ - ʕ,laryngeal-pharyngeal,Pilot (157),,,يقول « جاء » واحد و خَمسين مَرة,,Zainab,
99,جاع,جاء,قال جاع واحد و خمسين مرة,X,,,X,dʒæːʕ,he became hungry,,CVːC,ʕ,pharyngeal,Final,VC,redundant,laryngeal-pharyngeal,Pilot (157),,,يقول « جاع » واحد و خَمسين مَرة,,Zainab,
100,أضاء,أضاع,قال أَضاء واحد و خمسين مرة,X,,,X,ʔadˤɑːʔ,he lit [something],,CVCVC,ʔ,laryngeal,Final,VC,ʔ - ʕ,laryngeal-pharyngeal,Pilot (157),,,يقول « أَضاء » واحد و خَمسين مَرة,,Zainab,
101,أضاع,أضاء,قال أَضاع واحد و خمسين مرة,X,,,X,ʔadˤɑːʕ,he lost [something],,CVCVC,ʕ,pharyngeal,Final,VC,redundant,laryngeal-pharyngeal,Pilot (157),,,يقول « أَضاع » واحد و خَمسين مَرة,,Zainab,
102,سُؤال,سُعال,قال سُؤال واحد و خمسين مرة,X,,,X,sʊʔæːl,question,,CVCVːC,ʔ,laryngeal,Medial,VCV,ʔ - ʕ,laryngeal-pharyngeal,Pilot (157),,,يقول « سُؤال » واحد و خَمسين مَرة,,Zainab,
103,سُعال,سُؤال,قال سُعال واحد و خمسين مرة,X,,,X,sʊʕæːl,heavy coughing,,CVCVːC,ʕ,pharyngeal,Medial,VCV,redundant,laryngeal-pharyngeal,Pilot (157),,,يقول « سُعال » واحد و خَمسين مَرة,,Zainab,
104,تَوَجّه,تَوَجّع,قال تَوَجّه واحد و خمسين مرة,X,,,X,tawadʒːah,he headed toward,,CVCVCːVC,h,laryngeal,Final,VC,ʕ - h,laryngeal-pharyngeal,Pilot (157),,,يقول « تَوَجّه » واحد و خَمسين مَرة,,Zainab,
105,تَوَجّع,تَوَجّه,قال تَوَجّع واحد و خمسين مرة,X,,,X,tawadʒːaʕ,he was in pain,,CVCVCːVC,ʕ,pharyngeal,Final,VC,redundant,laryngeal-pharyngeal,Pilot (157),,,يقول « تَوَجّع » واحد و خَمسين مَرة,,Zainab,
106,مُهَرِّج,مُعَرِّج,قال مُهَرِّج واحد و خمسين مرة,X,,,X,mʊharːɪdʒ,clownish,,CVCVCːVC,h,laryngeal,Medial,VCV,ʕ - h,laryngeal-pharyngeal,Pilot (157),,,يقول « مُهَرِّج » واحد و خَمسين مَرة,,Zainab,
107,مُعَرِّج,مُهَرِّج,قال مُعَرِّج واحد و خمسين مرة,X,,,X,mʊʕarːɪdʒ,swerving,,CVCVCːVC,ʕ,pharyngeal,Medial,VCV,redundant,laryngeal-pharyngeal,Pilot (157),,,يقول « مُعَرِّج » واحد و خَمسين مَرة,,Zainab,
108,سَهَّرَ,سَعَّر,قال سَهَّرَ واحد و خمسين مرة,X,X,,X,sahːar,he made someone stay late,,CVCːVC,h,laryngeal,Medial,VCV,ʕ - h,laryngeal-pharyngeal,pharylary1 (162),,,يقول « سَهَر » واحد و خَمسين مَرة,,Zainab,Was missing vowels in Pilot (157); updated to include vowels after
109,سَعَّرَ,سَهَّر,قال سَعَّرَ واحد و خمسين مرة,,,X,X,saʕːar,he priced [something],,CVCːVC,ʕ,pharyngeal,Medial,VCV,redundant,laryngeal-pharyngeal,pharylary1 (162),,,يقول « سَعَر » واحد و خَمسين مَرة,,Zainab,Was missing vowels in Pilot (157); updated to include vowels after
110,هَبَد,عَبَد,قال هَبَد واحد و خمسين مرة,,,X,X,habad,he flung down or forcefully threw,,CVCVC,h,laryngeal,Initial,CV,ʕ - h,laryngeal-pharyngeal,Pilot (157),,,يقول « هَبَد » واحد و خَمسين مَرة,,Zainab,
111,عَبَد,هَبَد,قال عَبَد واحد و خمسين مرة,X,,,X,ʕabad,he worshipped,,CVCVC,ʕ,pharyngeal,Initial,CV,redundant,laryngeal-pharyngeal,Pilot (157),,,يقول « عَبَد » واحد و خَمسين مَرة,,Zainab,
112,هَديل,عَديل,قال هَديل واحد و خمسين مرة,,,,X,hadiːl,cooing of doves,common female name,CVCVːC,h,laryngeal,Initial,CV,ʕ - h,laryngeal-pharyngeal,Pilot (157),,,يقول « هَديل » واحد و خَمسين مَرة,,Zainab,
113,عَديل,هَديل,قال عَديل واحد و خمسين مرة,,,,X,ʕadiːl,in-law,,CVCVːC,ʕ,pharyngeal,Initial,CV,redundant,laryngeal-pharyngeal,Pilot (157),,,يقول « عَديل » واحد و خَمسين مَرة,,Zainab,
114,هُموم,عُموم,قال هُموم واحد و خمسين مرة,X,,,X,hʊmuːm,worries,,CVCVːC,h,laryngeal,Initial,CV,ʕ - h,laryngeal-pharyngeal,Pilot (157),,,يقول « هُموم » واحد و خَمسين مَرة,,Zainab,
115,عُموم,هُموم,قال عُموم واحد و خمسين مرة,X,,,X,ʕʊmuːm,"general, public, common",,CVCVːC,ʕ,pharyngeal,Initial,CV,redundant,laryngeal-pharyngeal,Pilot (157),,,يقول « عُموم » واحد و خَمسين مَرة,,Zainab,
116,وَلَه,وَلَع,قال وَلَه واحد و خمسين مرة,X,,,X,walah,sadness,,CVCVC,h,laryngeal,Final,VC,ʕ - h,laryngeal-pharyngeal,Pilot (157),,,يقول « وَلَه » واحد و خَمسين مَرة,,Zainab,
117,وَلَع,وَلَه,قال وَلَع واحد و خمسين مرة,X,,,X,walaʕ,infatuation,,CVCVC,ʕ,pharyngeal,Final,VC,redundant,laryngeal-pharyngeal,Pilot (157),,,يقول « وَلَع » واحد و خَمسين مَرة,,Zainab,
118,هَبّة,حَبّة,قال هَبّة واحد و خمسين مرة,X,,,X,habːa,uprising,,CVCːV,h,laryngeal,Initial,CV,h - ħ,laryngeal-pharyngeal,Pilot (157),,,يقول « هَبّة » واحد و خَمسين مَرة,,Zainab,
119,حَبّة,هَبّة,قال حَبّة واحد و خمسين مرة,X,,,X,ħabːa,seed,,CVCːV,ħ,pharyngeal,Initial,CV,redundant,laryngeal-pharyngeal,Pilot (157),,,يقول « حَبّة » واحد و خَمسين مَرة,,Zainab,
120,إِبهار,إِبحار,قال إِبهار واحد و خمسين مرة,X,,,X,ʔɪbhɑːr,dazzlement,,CVCCVːC,h,laryngeal,Medial,VCV,h - ħ,laryngeal-pharyngeal,Pilot (157),,,يقول « إِبْهار » واحد و خَمسين مَرة,,Zainab,
121,إِبحار,إِبهار,قال إِبحار واحد و خمسين مرة,X,,,X,ʔɪbħɑːr,sailing,navigation,CVCCVːC,ħ,pharyngeal,Medial,VCV,redundant,laryngeal-pharyngeal,Pilot (157),,,يقول « إِبْحار » واحد و خَمسين مَرة,,Zainab,
122,يُهبِط,يُحبِط,قال يُهبِط واحد و خمسين مرة,,X,,X,jʊhbɪtˤ,he brought down,to land a plane,CVCCVC,h,laryngeal,Medial,VCV,h - ħ,laryngeal-pharyngeal,Pilot (157),,,يقول « يُهبِط » واحد و خَمسين مَرة,,Zainab,
123,يُحبِط,يُهبِط,قال يُحبِط واحد و خمسين مرة,X,,,X,jʊħbɪtˤ,to defeat,to thwart,CVCCVC,ħ,pharyngeal,Medial,VCV,redundant,laryngeal-pharyngeal,Pilot (157),,,يقول « يُحبِط » واحد و خَمسين مَرة,,Zainab,
124,رَفَه,رَفَح,قال رَفَه واحد و خمسين مرة,X,,,X,rafah,luxury,to entertain,CVCVC,h,laryngeal,Final,VC,h - ħ,laryngeal-pharyngeal,Pilot (157),,,يقول « رَفَه » واحد و خَمسين مَرة,,Zainab,
125,رَفَح,رَفَه,قال رَفَح واحد و خمسين مرة,,X,,X,rafaħ,Rafah (city in Egypt),,CVCVC,ħ,pharyngeal,Final,VC,redundant,laryngeal-pharyngeal,Pilot (157),,,يقول « رَفَح » واحد و خَمسين مَرة,,Zainab,
126,دَرب,ضرب,قال دَرب واحد و خمسين مرة,X,,,X,daɾb,path,,CVCC,d,plain,Initial,CV,d - dˤ,plain-pharyngealized,Pilot (157),,,يقول « دَرب » واحد و خَمسين مَرة,,Personal Knowledge,/r/
127,ضَرب,درب,قال ضَرب واحد و خمسين مرة,X,,,X,dˤaɾb,hitting,,CVCC,dˤ,pharyngealized,Initial,CV,redundant,plain-pharyngealized,Pilot (157),,,يقول « ضَرب » واحد و خَمسين مَرة,,Personal Knowledge,/r/
128,تيار,طيار,قال تيار واحد و خمسين مرة,X,,,X,tajaːr,current (of river),,CVCːVC,t,plain,Initial,CV,t - tˤ,plain-pharyngealized,Pilot (157),,,يقول « تيار » واحد و خَمسين مَرة,,Khattab et al. 2006,/r/
129,طيار,تيار,قال طيار واحد و خمسين مرة,,,,X,tˤajaːr,pilot,,CVCːVC,tˤ,pharyngealized,Initial,CV,redundant,plain-pharyngealized,Pilot (157),,,يقول « طيار » واحد و خَمسين مَرة,,Khattab et al. 2006,/r/
130,تَمر,طمر,قال تَمر واحد و خمسين مرة,X,,,X,tamr,date (fruit),,CVCC,t,plain,Initial,CV,t - tˤ,plain-pharyngealized,Pilot (157),,,يقول « تَمر » واحد و خَمسين مَرة,,Khattab et al. 2006,/r/
131,طَمر,تمر,قال طَمر واحد و خمسين مرة,X,,,X,tˤamr,bury,,CVCC,tˤ,pharyngealized,Initial,CV,redundant,plain-pharyngealized,Pilot (157),,,يقول « طَمر » واحد و خَمسين مَرة,,Khattab et al. 2006,/r/
132,ضارّ,دار,قال ضارّ واحد و خمسين مرة,X,,,X,dˤɑːr,harmful,,CVːC,dˤ,pharyngealized,Initial,CV,d - dˤ,plain-pharyngealized,Pilot (157),,,يقول « ضارّ » واحد و خَمسين مَرة,,Tubuly: Routledge Handbook of Arabic Second Language Acquisition,/r/
133,دار,ضارّ,قال دار واحد و خمسين مرة,X,,,X,dɑːr,"house, world",,CVːC,d,plain,Initial,CV,redundant,plain-pharyngealized,Pilot (157),,,يقول « دار » واحد و خَمسين مَرة,,Tubuly: Routledge Handbook of Arabic Second Language Acquisition,/r/
134,سار,صار,قال سار واحد و خمسين مرة,X,,,X,sɑːr,he walked,,CVːC,s,plain,Initial,CV,s - sˤ,plain-pharyngealized,Pilot (157),,,يقول « سار » واحد و خَمسين مَرة,,Tubuly: Routledge Handbook of Arabic Second Language Acquisition,/r/
135,صار,سار,قال صار واحد و خمسين مرة,X,,,X,sˤɑːr,he became,,CVːC,sˤ,pharyngealized,Initial,CV,redundant,plain-pharyngealized,Pilot (157),,,يقول « صار » واحد و خَمسين مَرة,,Tubuly: Routledge Handbook of Arabic Second Language Acquisition,/r/
136,أسَد,X,قال أَسَد واحد و خمسين مرة,X,,,X,ʔasad,lion,,CVCVC,s,,Medial,VCV,,cluster,Pilot (157),,,يقول « أَسَد » واحد و خَمسين مَرة,,Zainab,
137,قَصّد,X,قال قَصَّدَ واحد و خمسين مرة,,,,X,qasˤːad,to intend,,CVCːVC,sˤ,,Medial,VCV,,cluster,Pilot (157),,,يقول « قَصَّدَ » واحد و خَمسين مَرة,,Zainab,
138,أَسعَد,X,قال أَسعَد واحد و خمسين مرة,,,,X,ʔasʕad,to make happy,,CVCCVC,sʕ,,Medial,VCV,,cluster,Pilot (157),,,يقول « أَسْعَد » واحد و خَمسين مَرة,,Zainab,
139,أتحَف,X,قال أَتحَف واحد و خمسين مرة,,,,X,ʔatħaf,"to make priceless, valued",,CVCCVC,tħ,,Medial,VCV,,cluster,Pilot (157),,,يقول « أَتْحَف » واحد و خَمسين مَرة,,Zainab,
140,أرعَم,X,قال أَرعَم واحد و خمسين مرة,,,,X,ʔarʕam,,,CVCCVC,rʕ,,Medial,VCV,,cluster,Pilot (157),,,يقول « أَرْعَم » واحد و خَمسين مَرة,,Zainab,
141,أدحَر,X,قال أَدحَر واحد و خمسين مرة,,,,X,ʔadħaɾ,strongly defeat,,CVCCVC,dħ,,Medial,VCV,,cluster,Pilot (157),,,يقول « أَدْحَر » واحد و خَمسين مَرة,,Zainab,
142,حِلم,عِلم,قال حِلم واحد و خمسين مرة,,,,X,ħɪlm,"calm, composure",,CVCC,ħ,pharyngeal,Initial,CV,,pharyngeal-pharyngeal,Pilot (157),,,يقول « حِلْم » واحد و خَمسين مَرة,,Wiktionary,
143,عِلم,حِلم,قال عِلم واحد و خمسين مرة,,,,X,ʕɪlm,science,,CVCC,ʕ,pharyngeal,Initial,CV,,pharyngeal-pharyngeal,Pilot (157),,,يقول « عِلْم » واحد و خَمسين مَرة,,Wiktionary,
144,وَصَلَ,حَصَلَ,قال وَصَلَ واحد و خمسين مرة,,,,X,wasˤala,"link, join, attach, arrive",,CVCVCV,w,sonorant,Initial,CV,w - ħ,sonorant-pharyngeal,Pilot (157),,,يقول « وَصَلَ » واحد و خَمسين مَرة,,Wiktionary,
145,حَصَلَ,وَصَلَ,قال حَصَلَ واحد و خمسين مرة,,,,X,ħasˤala,obtain,,CVCVCV,ħ,pharyngeal,Initial,CV,redundant,sonorant-pharyngeal,Pilot (157),,,يقول « حَصَلَ » واحد و خَمسين مَرة,,Wiktionary,
146,دَعَرَ,دَوَّرَ,قال دَعَرَ واحد و خمسين مرة,,,,X,daʕaɾa,"become immoral, licentious",,CVCVCV,ʕ,pharyngeal,Medial,VCV,w - ʕ,sonorant-pharyngeal,Pilot (157),,,يقول « دَعَرَ » واحد و خَمسين مَرة,,Wiktionary,/r/
147,دَوَّرَ,دَعَرَ,قال دَوَّرَ واحد و خمسين مرة,,,,X,dawːaɾa,to make round,to search,CVCːVCV,w,sonorant,Medial,VCV,redundant,sonorant-pharyngeal,Pilot (157),,,يقول « دَوَّرَ » واحد و خَمسين مَرة,,Wiktionary,/r/
148,نَوَّرَ,نَحَرَ,قال نَوَّرَ واحد و خمسين مرة,,,,X,nawːaɾa,illuminate,,CVCːVCV,w,sonorant,Medial,VCV,w - ħ,sonorant-pharyngeal,Pilot (157),,,يقول « نَوَّرَ » واحد و خَمسين مَرة,,Wiktionary,/r/
149,نَحَرَ,نَوَّرَ,قال نَحَرَ واحد و خمسين مرة,,,,X,naħaɾa,slaughter,slit throat,CVCVCV,ħ,pharyngeal,Medial,VCV,redundant,sonorant-pharyngeal,Pilot (157),,,يقول « نَحَرَ » واحد و خَمسين مَرة,,Wiktionary,/r/
150,هَجَّرَ,أَجَّرَ,قال هَجَّرَ واحد و خمسين مرة,,,,X,had͡ʒːaɾa,displace,,CVCːVCV,h,laryngeal,Initial,CV,ʔ - h,laryngeal-laryngeal,Pilot (157),,,يقول « هَجَّرَ » واحد و خَمسين مَرة,,Wiktionary,/r/
151,أَجَّرَ,هَجَّرَ,قال أَجَّرَ واحد و خمسين مرة,,,,X,ʔad͡ʒːaɾa,"rent, lease",,CVCːVCV,ʔ,laryngeal,Initial,CV,redundant,laryngeal-laryngeal,Pilot (157),,,يقول « أَجَّرَ » واحد و خَمسين مَرة,,Wiktionary,/r/
152,أكتُب,يَكتُب,قال أَكتُب واحد و خمسين مرة,,,X,X,ʔaktub,write,,CVCVC,ʔ,laryngeal,Initial,CV,j - ʔ,sonorant-laryngeal,Pilot (157),,,يقول « أَكتُبُ » واحد و خَمسين مَرة,,Wiktionary,
153,يَكتُب,أكتُب,قال يَكتُب واحد و خمسين مرة,,,X,X,jaktub,write,,CVCVC,j,sonorant,Initial,CV,redundant,sonorant-laryngeal,Pilot (157),,,يقول « يَكتُبُ » واحد و خَمسين مَرة,,Wiktionary,
154,أدرُس,يَدرُس,قال أَدرُس واحد و خمسين مرة,,,X,X,ʔadrus,study,,CVCVC,ʔ,laryngeal,Initial,CV,j - ʔ,sonorant-laryngeal,Pilot (157),,,يقول « أَدرُسُ » واحد و خَمسين مَرة,,Wiktionary,/r/
155,يَدرُس,أدرُس,قال يَدرُس واحد و خمسين مرة,,,X,X,jadrus,study,,CVCVC,j,sonorant,Initial,CV,redundant,sonorant-laryngeal,Pilot (157),,,يقول « يَدرُسُ » واحد و خَمسين مَرة,,Wiktionary,/r/
156,هَدَّ,يَد,قال هَدّ واحد و خمسين مرة,,,,X,hadː,to break down,,CVCː,h,laryngeal,Initial,CV,j - h,sonorant-laryngeal,Pilot (157),,,يقول « هَدَّ » واحد و خَمسين مَرة,,Wiktionary,
157,يَد,هَدَّ,قال يَد واحد و خمسين مرة,,,,X,jad,hand,,CVC,j,sonorant,Initial,CV,redundant,sonorant-laryngeal,Pilot (157),,,يقول « يَد » واحد و خَمسين مَرة,,Wiktionary,
158,أتى,,قال أتى واحد و خمسين مرة,,,,X,ʔata,to come,,CVCV,t,,Medial,VCV,,cluster,pharylary1 (162),,,,,Ali,
159,أطئ,,قال أطئ واحد و خمسين مرة,,,,X,ʔatˤaʔ,to step on,,CVCV,tˤ,,Medial,VCV,,cluster,pharylary1 (162),,,,,Ali,
160,أدى,,قال أدى واحد و خمسين مرة,,,,X,ʔada,to perform,,CVCV,d,,Medial,VCV,,cluster,pharylary1 (162),,,,,Ali,
161,أضى,,قال أضى واحد و خمسين مرة,,,,X,ʔadˤa,to light,,CVCV,dˤ,,Medial,VCV,,cluster,pharylary1 (162),,,,,Ali,
162,أرى,,قال أرى واحد و خمسين مرة,,,,X,ʔara,to see,,CVCV,r,,Medial,VCV,,cluster,pharylary1 (162),,,,,Ali,